{
  "baseline_lr": {
    "ood_auc": 0.8202371361640586,
    "ood_brier": 0.17445556295003525,
    "cv_auc": 0.8454585516918701,
    "cv_std": 0.007916482036629003,
    "cv_brier": 0.1563602583483291
  },
  "baseline_tv": {
    "ood_auc": 0.813207730941778,
    "ood_brier": 0.1889529089937053,
    "cv_auc": 0.8381359269567401,
    "cv_std": 0.00978249108254572,
    "cv_brier": 0.16381815238195102
  },
  "per_scale": {
    "5": {
      "scale": 5,
      "n_synth": 310,
      "synth_acc": 0.5483870967741935,
      "synth_lr": {
        "ood_auc": 0.8139987633765464,
        "ood_brier": 0.1740985626317114,
        "cv_auc": 0.8186974789915966,
        "cv_std": 0.02437880156366162,
        "cv_brier": 0.17274252484800806
      },
      "synth_tv": {
        "ood_auc": 0.7455638828643085,
        "ood_brier": 0.20428147992948462,
        "cv_auc": 0.7382352941176471,
        "cv_std": 0.07662568536128313,
        "cv_brier": 0.21096370170005185
      },
      "aug_lr": {
        "ood_auc": 0.8201920942947839,
        "ood_brier": 0.17433170149073954,
        "cv_auc": 0.8448910323354039,
        "cv_std": 0.006449428530702543,
        "cv_brier": 0.15684230961399898
      },
      "aug_tv": {
        "ood_auc": 0.8137703848428708,
        "ood_brier": 0.18838504016086832,
        "cv_auc": 0.8389436101572342,
        "cv_std": 0.00995983319158871,
        "cv_brier": 0.16376196745483923
      }
    },
    "10": {
      "scale": 10,
      "n_synth": 620,
      "synth_acc": 0.4838709677419355,
      "synth_lr": {
        "ood_auc": 0.8169373143044053,
        "ood_brier": 0.1732843255490211,
        "cv_auc": 0.8284374999999999,
        "cv_std": 0.04774607313696068,
        "cv_brier": 0.16835326445866938
      },
      "synth_tv": {
        "ood_auc": 0.7433506981534895,
        "ood_brier": 0.20699840794685717,
        "cv_auc": 0.78640625,
        "cv_std": 0.034958122267936514,
        "cv_brier": 0.18584812377181617
      },
      "aug_lr": {
        "ood_auc": 0.8203074576387829,
        "ood_brier": 0.1740801866884099,
        "cv_auc": 0.84513618857442,
        "cv_std": 0.007532514388776274,
        "cv_brier": 0.1571252371317564
      },
      "aug_tv": {
        "ood_auc": 0.8131991921987877,
        "ood_brier": 0.18803736017009717,
        "cv_auc": 0.8371285679194569,
        "cv_std": 0.007964151349270457,
        "cv_brier": 0.16486695495046866
      }
    },
    "25": {
      "scale": 25,
      "n_synth": 1550,
      "synth_acc": 0.4864516129032258,
      "synth_lr": {
        "ood_auc": 0.8175343448563643,
        "ood_brier": 0.1745662700761781,
        "cv_auc": 0.8427821618976218,
        "cv_std": 0.01829274764236534,
        "cv_brier": 0.15963101538338145
      },
      "synth_tv": {
        "ood_auc": 0.7562481984996986,
        "ood_brier": 0.19679231872893047,
        "cv_auc": 0.7858658128201924,
        "cv_std": 0.017651496035936177,
        "cv_brier": 0.18730061324072816
      },
      "aug_lr": {
        "ood_auc": 0.82018124844912,
        "ood_brier": 0.1735461222024999,
        "cv_auc": 0.8452714643778936,
        "cv_std": 0.005422532047597337,
        "cv_brier": 0.15727812304108496
      },
      "aug_tv": {
        "ood_auc": 0.8156220030500226,
        "ood_brier": 0.18565615752154224,
        "cv_auc": 0.8378562062869163,
        "cv_std": 0.00748024842223605,
        "cv_brier": 0.16537720245714246
      }
    },
    "50": {
      "scale": 50,
      "n_synth": 3100,
      "synth_acc": 0.5141935483870967,
      "synth_lr": {
        "ood_auc": 0.8173541116966272,
        "ood_brier": 0.17290903691503398,
        "cv_auc": 0.8236636544399542,
        "cv_std": 0.008086604409890763,
        "cv_brier": 0.1700877718156013
      },
      "synth_tv": {
        "ood_auc": 0.7715662846977672,
        "ood_brier": 0.19240868021897453,
        "cv_auc": 0.8259170528031614,
        "cv_std": 0.010547810823689725,
        "cv_brier": 0.1707746053861608
      },
      "aug_lr": {
        "ood_auc": 0.8200979382326544,
        "ood_brier": 0.17347560728442749,
        "cv_auc": 0.8412459507877659,
        "cv_std": 0.00842425451660758,
        "cv_brier": 0.1598459604160945
      },
      "aug_tv": {
        "ood_auc": 0.8148757990159543,
        "ood_brier": 0.18608528582378192,
        "cv_auc": 0.8382091685443026,
        "cv_std": 0.010753251772781159,
        "cv_brier": 0.16571482505509455
      }
    },
    "100": {
      "scale": 100,
      "n_synth": 6200,
      "synth_acc": 0.4990322580645161,
      "synth_lr": {
        "ood_auc": 0.8190368434198234,
        "ood_brier": 0.17296701392386968,
        "cv_auc": 0.8283827166482128,
        "cv_std": 0.012680575551070642,
        "cv_brier": 0.1688690466529856
      },
      "synth_tv": {
        "ood_auc": 0.7742939368840913,
        "ood_brier": 0.1916358981245605,
        "cv_auc": 0.8465107953335833,
        "cv_std": 0.008983975150409254,
        "cv_brier": 0.16143322504576274
      },
      "aug_lr": {
        "ood_auc": 0.8204552846268052,
        "ood_brier": 0.17261954153161763,
        "cv_auc": 0.8394880037723539,
        "cv_std": 0.007316593294505845,
        "cv_brier": 0.1618622560847127
      },
      "aug_tv": {
        "ood_auc": 0.815435226257436,
        "ood_brier": 0.1835007556459951,
        "cv_auc": 0.8394199155886561,
        "cv_std": 0.005629328964620035,
        "cv_brier": 0.1664728537589974
      }
    },
    "180": {
      "scale": 180,
      "n_synth": 11160,
      "synth_acc": 0.5096774193548387,
      "synth_lr": {
        "ood_auc": 0.8170018392862919,
        "ood_brier": 0.17336110413746325,
        "cv_auc": 0.8437575163423687,
        "cv_std": 0.003462380872979139,
        "cv_brier": 0.15985301873401875
      },
      "synth_tv": {
        "ood_auc": 0.7794554099739104,
        "ood_brier": 0.19084790891220596,
        "cv_auc": 0.8678340659638701,
        "cv_std": 0.005281789514722051,
        "cv_brier": 0.15129571422750093
      },
      "aug_lr": {
        "ood_auc": 0.8193494188855829,
        "ood_brier": 0.17284134966649722,
        "cv_auc": 0.8448489011398026,
        "cv_std": 0.0049742642351921496,
        "cv_brier": 0.1589670216568017
      },
      "aug_tv": {
        "ood_auc": 0.8125937214277957,
        "ood_brier": 0.18444267497368713,
        "cv_auc": 0.8513044889308989,
        "cv_std": 0.00461684179245625,
        "cv_brier": 0.16035507915252095
      }
    }
  },
  "real_n": 11327,
  "real_acc": 0.6004237662223006,
  "ood_n": 22108,
  "ood_acc": 0.5283607743803148
}